8319,6031,45,0.51062256,-0.014959112,0.003287375
8325,6044,45,0.5125955,-0.013638325,0.0021470785
8328,6051,45,0.5139506,-0.012460343,0.0012105405
8334,6064,45,0.5126654,-0.012518231,0.0013944358
8340,6077,45,0.51363015,-0.012086403,1.01044774E-4
8343,6084,45,0.51272213,-0.011172572,0.0020376146
8349,6096,45,0.51208836,-0.011135486,0.0027340204
8355,6109,45,0.511449,-0.01004337,0.0023942292
8358,6115,45,0.5139221,-0.009995553,-0.0011876523
8364,6127,45,0.51331383,-0.008816511,7.714331E-5
8370,6140,45,0.5098207,-0.008208197,0.0013607591
8373,6146,46,0.5104934,-0.0074174474,0.0028933734
8379,6158,46,0.5090217,-0.007032699,3.3444166E-4
8385,6169,46,0.51149786,-0.0083094,9.329319E-4
8391,6181,46,0.50943255,-0.009209867,0.0031689107
8397,6193,46,0.50618005,-0.009592265,0.0017820746
8403,6204,46,0.50597227,-0.008245723,8.408427E-4
8406,6210,46,0.5086893,-0.0074033765,-0.0010596365
8412,6221,46,0.5054072,-0.004998535,-9.975284E-4
8415,6227,46,0.50394404,-0.004554093,-0.001021266
8421,6238,46,0.5021101,-0.0020942239,-0.0011716187
8427,6250,46,0.50000113,-0.0012714355,-0.0033260137
8430,6255,47,0.50208634,-6.756857E-4,-0.0028103292
8436,6266,47,0.49780858,4.6959613E-4,-0.002854988
8442,6278,47,0.49511132,0.0023482353,-0.0012658685
8445,6283,47,0.49502456,0.0028264276,-0.0010575503
8451,6295,47,0.490676,0.004839884,-0.00400804
8457,6306,47,0.48976555,0.00625072,-0.004972011
8460,6311,47,0.4885375,0.0063879373,-0.0037495047
8466,6323,47,0.48765495,0.0073853396,-0.0044478476
8472,6334,47,0.48434263,0.0076819644,0.0018921345
8478,6345,47,0.48540473,0.006746675,0.0022403449
8481,6351,47,0.48372558,0.005082906,0.0029860586
8487,6362,48,0.48118275,0.0029853433,0.0024121553
8493,6373,48,0.48041824,5.4405024E-4,0.0028512627
8496,6378,48,0.47719586,1.5178695E-5,0.0023570806
8502,6389,48,0.47448534,-6.766757E-5,0.0039775223
8508,6401,48,0.47520876,6.0874457E-4,0.0035769641
8511,6406,48,0.47094736,0.0012109149,0.0035944134
8517,6417,48,0.47216013,0.0014063632,0.0051918775
8523,6428,48,0.4692639,0.0019219192,0.0046964735
8532,6445,48,0.46433568,0.0017275545,0.004722029
8538,6456,48,0.4634652,0.0010835761,0.0042883605
8541,6462,48,0.46151027,0.0012160861,0.0058785975
8547,6473,49,0.4586052,0.0010369183,0.0037665516
8553,6484,49,0.45528764,7.7811396E-4,0.0045426786
8556,6490,49,0.45207998,8.497387E-6,0.004093617
8562,6502,49,0.44954473,-0.0011855196,0.0022512674
8568,6467,49,0.44643524,-0.0027951018,0.0039670467
8571,6449,49,0.38008723,-0.012707848,6.520003E-4
8577,6415,49,0.083165884,-0.04456733,0.0032200348
8583,6380,49,-0.1881648,-0.057884667,3.4745783E-4
8586,6363,49,-0.21567199,-0.049780104,-0.0014622286
8592,6329,49,-0.13640994,-0.03317259,-0.0019188076
8598,6295,49,-0.011599468,-0.03358236,-0.0033633832
8601,6278,49,0.025467042,-0.040780578,-0.0035069194
8607,6245,49,0.035600916,-0.056692265,-0.0030393302
8613,6211,49,-2.4302967E-4,-0.063217394,-0.004075656
8619,6178,49,-0.03444449,-0.059067566,-0.0037770802
8622,6162,49,-0.042558085,-0.054332983,-0.008453949
8628,6129,49,-0.03515704,-0.045704626,-0.00784135
8634,6096,49,-0.020941334,-0.040639073,-0.009638511
8637,6080,49,-0.018318836,-0.039398376,-0.011447155
8643,6047,49,-0.017080143,-0.039618716,-0.005057455
8649,6015,49,-0.022101965,-0.041498855,-0.004835643
8652,5999,49,-0.019193692,-0.04248142,-0.0063975765
8658,5967,49,-0.02672312,-0.043883048,-0.005846197
8664,5936,49,-0.025645383,-0.043930855,-0.00410462
8670,5904,49,-0.025773695,-0.04286052,-0.004778359
8673,5888,49,-0.026494442,-0.0420892,-0.0047039576
8679,5857,49,-0.024991628,-0.03922351,-0.0045099673
8685,5826,49,-0.023787279,-0.035808485,-6.881887E-4
8691,5795,49,-0.025355566,-0.033155948,-0.0015834598
8697,5765,49,-0.02799064,-0.031430334,-0.0013557207
8700,5750,49,-0.025386903,-0.030165806,-4.99798E-4
8706,5719,49,-0.027202375,-0.027478386,3.1633116E-4
8712,5689,49,-0.027158532,-0.023512175,0.0025182539
8715,5674,49,-0.023615865,-0.021573408,5.9560966E-4
8724,5629,49,-0.026385494,-0.013634709,0.0017052526
8730,5600,49,-0.03010844,-0.007449442,0.002187185
8733,5585,49,-0.024508724,-0.0047762296,0.0028056414
8739,5555,49,-0.028668106,2.2558626E-4,0.0032611964
8745,5526,49,-0.026935495,0.0036349862,0.004403735
8748,5512,49,-0.02839242,0.0054624476,0.0051269927
8754,5483,49,-0.025743192,0.006892434,0.0034421128
8760,5454,49,-0.02433908,0.008500555,0.0021349196
8763,5440,49,-0.029740933,0.009095233,0.0021927943
8769,5411,49,-0.03150075,0.010670132,0.0032222462
8775,5383,49,-0.030633286,0.01176949,0.001790965
8778,5369,49,-0.02840861,0.012212198,0.0040405407
8784,5341,49,-0.027931858,0.013240456,0.004115804
8790,5313,49,-0.027968664,0.014367994,0.001608667
8793,5299,49,-0.02795618,0.014670442,0.0035323245
8799,5272,49,-0.03023066,0.0149429785,0.0025163665
8805,5244,49,-0.028134475,0.015492068,0.0020159348
8808,5231,49,-0.0288559,0.01600219,-0.0010080542
8814,5203,49,-0.029762322,0.018146453,0.0013401629
8820,5176,49,-0.02846266,0.018849684,0.002016983
8826,4648,49,-0.027622676,0.01603547,8.5569546E-4
8829,4611,49,-0.028671142,0.014093065,6.526951E-4
8835,4527,49,0.53324574,0.07088639,0.0010746568
8841,4439,49,0.53632265,0.049954824,-0.0013528764
8844,4395,49,0.540323,0.050983004,-2.616793E-4
8850,4304,49,0.56129706,0.060120475,-0.0021464527
8856,4212,49,0.5847148,0.07028461,-0.0026631504
8859,4165,49,0.59234416,0.07330134,-0.0025226772
8865,4073,49,0.60355556,0.077200696,-0.0028445125
8871,3981,49,0.5996516,0.076923646,-0.0015696585
8874,3968,50,0.595531,0.075963706,-0.0013781637
8880,3946,50,0.56803495,0.07085943,-2.8416514E-4
8886,3928,50,0.54066145,0.06251906,-1.4229119E-4
8892,3915,50,0.5148314,0.05722969,-0.0013808161
8895,3909,50,0.502037,0.054085784,-7.003844E-4
8901,3901,50,0.4724819,0.047222547,0.0013772398
8907,3896,50,0.4451252,0.038792573,0.0018707216
8910,3895,50,0.43228897,0.0364275,9.315014E-4
8916,3894,50,0.40730557,0.029889226,0.003893748
8922,3896,50,0.39168534,0.026015114,0.002136752
8925,3897,50,0.3822553,0.02385434,0.0052481294
8931,3901,50,0.37261793,0.02025241,0.0021643639
8937,3906,51,0.36398017,0.018592743,0.003457822
8943,3911,51,0.36352924,0.017579716,0.002642274
8946,3913,51,0.3625507,0.0183861,0.004413672
8952,3918,51,0.3595244,0.018986614,0.0037629902
8958,3924,51,0.3582885,0.020334039,0.0014468357
8961,3927,51,0.3574463,0.021269847,0.003478609
8967,3932,51,0.3608452,0.022998659,0.0029839873
8973,3937,51,0.36111304,0.025340466,0.0032854006
8976,3939,51,0.36189282,0.026892358,0.0015093386
8982,3945,51,0.3589888,0.028764086,0.0026903525
8988,3951,51,0.3573337,0.027122058,8.446947E-4
8994,3956,51,0.35513455,0.024225404,0.0013801605
8997,3959,51,0.35645562,0.02353714,0.0031801611
9003,3966,51,0.34993544,0.0220917,0.0012538955
9009,3972,51,0.35376203,0.020421155,-6.112009E-4
9012,3975,51,0.35108486,0.021014214,-5.293116E-4
9018,3981,52,0.35217083,0.019943522,-0.00211481
9024,3987,52,0.35288787,0.019362984,-0.0017839968
9027,3990,52,0.3540175,0.018702924,-7.445663E-4
9033,3996,52,0.34886348,0.017009519,-0.0018277317
9039,4002,52,0.35190412,0.015059572,-0.0025724322
9045,4008,52,0.3507669,0.012400362,-0.0035954341
9048,4011,52,0.34864256,0.011402696,-0.002426669
9054,4018,52,0.34952366,0.009406782,-0.0022833943
9060,4024,52,0.34627885,0.0066958996,-0.0011174902
9063,4027,52,0.34921584,0.0046879686,-6.927252E-4
9069,4034,52,0.3480289,0.0019398422,-0.0010359436
9075,4040,52,0.3475783,-5.7350844E-4,-0.0014553517
9078,4044,52,0.34845102,-0.001879582,-0.003497988
9084,4050,52,0.34686297,-0.0045360285,-7.48463E-4
9090,4057,52,0.34939003,-0.007691047,-0.002181992
9096,4063,53,0.3470453,-0.010212494,-0.002198249
9099,4067,53,0.3450625,-0.01166804,-0.0024577007
9105,4073,53,0.34893414,-0.014199121,-6.0442835E-4
9111,4080,53,0.3468827,-0.016378373,-0.001394093
9117,4086,53,0.34815583,-0.018347472,-0.0022187978
9120,4090,53,0.3452564,-0.018978674,-0.0020702705
9126,4096,53,0.34455517,-0.020478543,0.0015197694
9132,4103,53,0.3500344,-0.021892168,-2.8461218E-5
9135,4106,53,0.3467941,-0.022375153,-0.0011209324
9141,4112,53,0.34800774,-0.023191597,-0.0011216253
9147,4118,53,0.3488614,-0.024200516,-0.0013310686
9153,4125,53,0.35231698,-0.025187152,5.1148236E-4
9156,4128,53,0.3512486,-0.025606295,-0.0015258566
9162,4134,53,0.34941342,-0.026812874,-9.5553696E-4
9168,4140,53,0.35291734,-0.027458636,-0.0017733946
9171,4143,53,0.35205713,-0.027616428,7.669255E-4
9177,4149,54,0.35055313,-0.027692748,-5.104542E-4
9183,4155,54,0.3572294,-0.02744378,-0.0015818924
9186,4158,54,0.3543952,-0.027069187,-0.0021703243
9192,4163,54,0.35500523,-0.026843302,-0.002927579
9198,4169,54,0.3572224,-0.026256211,1.950413E-4
9204,4175,54,0.3555719,-0.026212625,-9.216815E-4
9207,4178,54,0.3573059,-0.025501225,-0.0023741499
9213,4183,54,0.35611123,-0.024817677,-0.0015112832
9219,4189,54,0.3596465,-0.023371818,-0.0023565367
9222,4191,54,0.35927752,-0.022976963,-0.0016049966
9228,4197,54,0.35880566,-0.021094054,-3.2490492E-4
9234,4202,54,0.36107647,-0.019657008,-5.761832E-4
9237,4205,54,0.35743824,-0.018753273,-0.0027992725
9243,4210,54,0.35981315,-0.016778909,-0.00404574
9249,4215,54,0.36008412,-0.014528671,-0.0038167164
9255,4221,55,0.35948312,-0.013014937,-0.002868861
9258,4223,55,0.35972747,-0.011677652,-6.3106418E-6
9264,4229,55,0.35932916,-0.00926578,-0.0016901642
9270,4234,55,0.36144528,-0.0064720977,7.811859E-4
9273,4237,55,0.36299923,-0.004926822,-2.5179237E-4
9279,4242,55,0.36311373,-0.0028032758,-0.001508534
9285,4247,55,0.36140642,-1.8411048E-4,-0.0027196482
9291,4252,55,0.3617251,0.0020678767,-0.0011175796
9294,4255,55,0.36026672,0.0025456375,3.169924E-4
9300,4260,55,0.36077777,0.0041925744,0.0011656731
9306,4266,55,0.363116,0.005688661,6.2898546E-4
9309,4268,55,0.36096522,0.0064775706,-4.4885278E-4
9315,4274,55,0.36050794,0.0068756477,-0.0018176362
9321,4280,55,0.36040446,0.0073180418,1.5283376E-4
9324,4282,55,0.3591441,0.0071784668,-7.673651E-4
9330,4288,55,0.36039993,0.007917613,-1.392886E-4
9336,4294,56,0.3612817,0.008152369,3.3710152E-4
9342,4299,56,0.3584771,0.008259918,9.013936E-4
9345,4302,56,0.3594873,0.008169663,-8.0667436E-5
9351,4308,56,0.3574387,0.008155609,1.03868544E-4
9357,4314,56,0.36075965,0.007258075,-0.0011832267
9360,4317,56,0.3609205,0.00719546,4.066527E-5
9366,4323,56,0.35854915,0.006560316,2.0969659E-4
9372,4329,56,0.3590335,0.006441899,-6.036833E-4
9375,4332,56,0.35682914,0.0058655646,-2.731532E-4
9381,4338,56,0.36111617,0.005627269,6.570518E-4
9387,4343,56,0.35802546,0.005230177,-0.0014847368
9393,4349,56,0.35932922,0.0043936754,0.0015373155
9396,4352,56,0.35909674,0.0041274596,-9.4553083E-4
9402,4358,56,0.36031938,0.0035660304,-0.0012807027
9408,4364,56,0.35772356,0.0031202817,-3.463477E-4
9411,4367,56,0.35845146,0.0028566946,1.0148436E-4
9417,4373,57,0.360088,0.0027106213,0.0011886284
9423,4379,57,0.35915175,0.002368954,2.1202862E-4
9429,4385,57,0.360429,0.0019785562,-7.4476004E-5
9432,4388,57,0.35662958,0.0016756176,-7.25165E-4
9438,4394,57,0.3592068,0.0014526838,-3.4994632E-4
9444,4400,57,0.35827363,6.757239E-4,-7.726699E-4
9447,4403,57,0.3604762,5.939405E-4,-7.388517E-4
9453,4409,57,0.35952216,9.0129906E-5,-2.3176521E-4
9459,4415,57,0.36015776,-7.139533E-4,0.0011540055
9465,4421,57,0.35767972,-0.0018286696,-7.401481E-4
9468,4424,57,0.3567921,-0.0029519172,-5.9055537E-4
9474,4430,57,0.3593011,-0.0063161487,-0.0023171157
9480,4436,57,0.35831887,-0.008999465,-0.0015785918
9483,4439,57,0.35813928,-0.009807136,-0.0015806407
9489,4445,57,0.35929656,-0.011910192,-0.0017904416
9495,4451,58,0.36193892,-0.013283256,-0.0014086515
9501,4457,58,0.36003342,-0.0143898055,-0.002273135
9504,4460,58,0.35822326,-0.014421375,-0.002997987
9510,4466,58,0.3570812,-0.014923636,-0.0018099546
9516,4472,58,0.3585359,-0.0148456795,-0.0020948574
9519,4475,58,0.35889295,-0.014988613,-0.0012601987
9525,4481,58,0.36145428,-0.014372639,-0.0032754838
9531,4487,58,0.36159158,-0.014102944,-0.002476573
9537,4493,58,0.35968882,-0.014168493,-0.0024531633
9540,4496,58,0.36043978,-0.013994469,-6.6913664E-5
9546,4502,58,0.3612298,-0.0133952405,-0.002526641
9552,4508,58,0.36231086,-0.0102942,-0.0032847226
9555,4511,58,0.35860178,-0.008075212,-0.0031122044
9561,4517,58,0.36001298,0.0016594281,-0.0023977384
9567,4524,58,0.35871756,0.0072893575,-0.001967609
9570,4527,59,0.35917985,0.009108809,-8.901134E-4
9576,4533,59,0.35848433,0.01105922,4.272461E-4
9582,4539,59,0.36063588,0.011734303,0.001664482
9588,4545,59,0.3597663,0.011600403,0.0018437505
9591,4548,59,0.35964227,0.010905034,0.0028802156
9597,4555,59,0.35840508,0.010144849,0.0032866523
9603,4561,59,0.36115766,0.00950419,0.0039395615
9606,4564,59,0.3630827,0.008496593,0.004077658
9615,4574,59,0.35839194,0.004775424,0.0048558936
9618,4578,59,0.36010158,0.0034602918,0.0025564805
9624,4584,59,0.35982093,8.019594E-4,0.0035783947
9630,4591,59,0.36127597,-0.0013829574,0.0041385964
9633,4595,59,0.36272857,-0.0018086303,0.0043051913
9639,4601,59,0.36257702,-0.0034377528,7.9643726E-4
9642,4604,59,0.36394376,-0.0058885943,0.003650248
9648,4611,60,0.36645448,-0.015729308,0.001141265
9654,4617,60,0.36701074,-0.022807628,-8.217245E-5
9660,4623,60,0.3686685,-0.028058408,-0.0013621897
9663,4626,60,0.36917776,-0.02967394,-0.0043266043
9669,4632,60,0.37100202,-0.031457506,-0.002898939
9675,4638,60,0.37116787,-0.029147755,-0.0030437037
9678,4641,60,0.36910424,-0.027590498,-0.0028317347
9684,4647,60,0.37280038,-0.02484606,-0.0050017834
9690,4652,60,0.37182388,-0.02021569,-0.0053578243
9696,4657,60,0.37782505,-0.012130605,-0.005083464
9699,4659,60,0.3772751,-0.0064025954,-0.005079128
9705,4663,60,0.38416922,0.0014296426,-0.0039327145
9711,4668,60,0.38200334,0.006986982,-0.0026236922
9717,4673,60,0.38011223,0.009889604,-0.0017248541
9720,4675,60,0.37621146,0.010576608,-2.2998452E-4
9726,4680,61,0.37546563,0.010386247,-0.0014358312
9732,4685,61,0.3760536,0.006598482,-4.760921E-4
9735,4688,61,0.37337285,0.0048975823,-9.0429187E-4
9741,4693,61,0.37417185,0.0025247755,-0.0017602146
9747,4698,61,0.3737343,0.0040582158,6.7326427E-4
9753,4704,61,0.3735365,0.008347761,0.0017887503
9756,4706,61,0.37201208,0.00979237,1.5825033E-4
9762,4712,61,0.37213674,0.012472799,0.0020468459
9768,4718,61,0.37214005,0.0143604865,0.0034577549
9771,4720,61,0.36896884,0.01794945,0.004539162
9777,4727,61,0.36387366,0.021074308,0.003980644
9783,4734,61,0.35911697,0.017405454,0.0058582947
9789,4741,61,0.360501,0.012477035,0.0037742034
9792,4744,61,0.3584222,0.009017105,0.0043926686
9798,4752,61,0.3542434,-9.75215E-4,0.0023967996
9804,4759,62,0.35665473,-0.0058900714,0.002246976
9807,4762,62,0.35716626,-0.008613576,0.0043349043
9813,4768,62,0.36053765,-0.009080588,0.0035317168
9819,4775,62,0.3609507,-0.005799938,0.0025627762
9822,4778,62,0.3627069,-0.0043056356,0.00258179
9828,4784,62,0.36242482,-0.0019302808,0.0018096268
9834,4790,62,0.36280146,6.677576E-4,-1.3806671E-4
9840,4796,62,0.36250207,0.0028316607,0.001025334
9843,4800,62,0.36237088,0.0039338884,0.0026427135
9849,4806,62,0.36090714,0.005527868,-0.0011673793
9855,4812,62,0.36068782,0.00282226,-4.2950362E-4
9858,4815,62,0.36012405,-6.906199E-5,8.587539E-4
9864,4822,62,0.35805097,-0.011019277,-7.131621E-4
9870,4829,62,0.35695216,-0.020394584,-0.0012324825
9876,4836,62,0.3559313,-0.027735198,-0.0015854463
9879,4839,63,0.35895476,-0.027117997,-7.899329E-4
9885,4845,63,0.36296016,-0.024620205,-5.433336E-4
9891,4851,63,0.36397392,-0.020903846,-1.4377385E-4
9894,4854,63,0.3621474,-0.019582001,-0.0018317625
9900,4860,63,0.36483777,-0.016843185,-0.0033696517
9906,4865,63,0.3689749,-0.0107539175,-3.3114105E-4
9912,4870,63,0.3676435,-0.0026249974,-1.4147162E-4
9915,4872,63,0.3683641,0.0011795221,7.5461715E-4
9921,4878,63,0.36759463,0.007829429,0.0026001409
9927,4883,63,0.36031842,0.010181026,0.0017209277
9930,4886,63,0.35896665,0.012380922,0.0028585494
9936,4893,63,0.35998338,0.019277327,0.001406394
9942,4898,63,0.35841903,0.02515032,0.0019238591
9948,4904,63,0.36499852,0.027359512,0.002530098
9951,4907,63,0.3627086,0.023097903,-0.0015133321
9957,4912,64,0.36473644,0.0031281398,-0.0023678094
9963,4918,64,0.36894837,-0.023813434,-0.0026450604
9966,4920,64,0.3676272,-0.037452158,-0.0039966702
9972,4925,64,0.37271434,-0.054053135,-0.005075738
9978,4930,64,0.3733558,-0.050135568,-0.0040301755
9981,4932,64,0.37267336,-0.041739177,-0.003621079
9987,4938,64,0.36760092,-0.03068951,-0.0018527508
9993,4944,64,0.36496267,-0.0212693,8.472949E-4
9999,4950,64,0.36384237,-0.016218238,5.485192E-4
10002,4953,64,0.36235577,-0.01423434,-8.168295E-4
10008,4959,64,0.36398178,-0.010189154,2.5178492E-4
10014,4964,64,0.36166874,1.8102652E-4,0.0035946965
10017,4967,64,0.36184013,0.007406842,0.0071307197
10023,4973,64,0.3611904,0.020834157,0.008603133
10029,4978,64,0.36368895,0.032167595,0.0076488703
10035,4983,65,0.36686677,0.038368322,0.008725621
10038,4986,65,0.3661499,0.034585685,0.009458616
10044,4991,65,0.36895955,0.018904764,0.005525112
10050,4996,65,0.3664557,-0.003125994,0.0050612316
10053,4998,65,0.36872756,-0.009598712,0.0031571165
10059,5002,65,0.37638393,-0.01338594,0.0018184036
10065,5005,65,0.37877405,0.0026490544,0.0019219667
10071,5009,65,0.38126016,0.020944111,2.5379658E-4
10074,5012,65,0.37621883,0.026869154,-4.9357116E-4
10080,5018,65,0.363378,0.025980443,-0.0045465752
10086,5027,65,0.34360728,0.010568274,-0.009511508
10089,5032,65,0.33387214,-7.207994E-5,-0.011102498
10095,5042,65,0.32529423,-0.019176591,-0.013855904
10101,5051,65,0.32756448,-0.031408224,-0.013511874
10107,5058,65,0.3441279,-0.03166754,-0.010416977
10110,5061,65,0.34611702,-0.025209853,-0.010249749
10116,5067,66,0.3552945,-0.012488393,-0.0072503984
10122,5072,66,0.36223942,-0.005269848,0.004994057
10128,5077,66,0.36395928,-0.00687412,-0.008679159
10131,5080,66,0.3611732,-0.00737577,-0.019283026
10137,5085,66,0.36315978,-0.0054950626,-0.040050685
10143,5089,66,0.36833096,0.015401581,-0.06351834
10146,5091,66,0.36796066,0.025074922,-0.07488185
10152,5095,66,0.3712735,0.035502717,-0.10189286
10158,5099,66,0.37261036,0.035817776,-0.12108429
10164,5106,66,0.35132527,0.017080601,-0.14738795
10167,5109,66,0.34002355,0.004835514,-0.15968096
10173,5118,66,0.33030903,-0.015955625,-0.18085541
10179,5127,66,0.3240932,-0.03505676,-0.20238134
10182,5131,66,0.3231065,-0.04115733,-0.21258745
10188,5138,66,0.33219182,-0.051563904,-0.2274493
10194,5144,67,0.34348354,-0.05694633,-0.24248537
10200,5149,67,0.35029554,-0.057281144,-0.25179207
10203,5151,67,0.34722182,-0.056633882,-0.2654794
10209,5156,67,0.3502972,-0.051455356,-0.28617913
10215,5161,67,0.34987253,-0.043245118,-0.31020606
10218,5163,67,0.34419325,-0.035742376,-0.32992744
10224,5168,67,0.33792642,-0.012869317,-0.35346463
10230,5172,67,0.33840108,0.0027358178,-0.37607193
10236,5177,67,0.3349985,0.014342966,-0.3960089
10239,5180,67,0.32834172,0.017834486,-0.40525526
10245,5186,67,0.32261035,0.020345852,-0.42078507
10251,5192,67,0.3180584,0.011611166,-0.4325266
10257,5198,67,0.31198704,0.0050677233,-0.4479847
10260,5200,67,0.3210261,0.007196661,-0.4585371
10266,5204,67,0.32768092,0.019027874,-0.4731428
10272,5209,67,0.32414833,0.028676286,-0.49018848
10275,5211,67,0.32210505,0.029809441,-0.49486995
10281,5218,68,0.30558163,0.025204029,-0.5115066
10287,5225,68,0.2967736,0.0152313635,-0.5260695
10293,5232,68,0.29396653,0.01391357,-0.5449666
10296,5235,68,0.29103202,0.013042139,-0.55323124
10302,5242,68,0.28704238,0.009955365,-0.5833157
10308,5250,68,0.27942294,0.004817609,-0.5735564
10314,5258,68,0.27948147,5.357652E-4,-0.5546379
10317,5263,68,0.2827378,-0.004339012,-0.54107094
10323,5272,68,0.2923984,-0.013417003,-0.5120126
10329,5280,68,0.30349943,-0.013200542,-0.4760256
10335,5287,68,0.31584877,-0.008174514,-0.42779338
10338,5290,68,0.32344708,0.0017511956,-0.40302444
10344,5295,68,0.3458841,0.008138356,-0.33674285
10350,5299,68,0.35401338,0.021574827,-0.25879616
10353,5302,68,0.35825592,0.026318874,-0.21155018
10359,5306,68,0.35890064,0.03156624,-0.1390405
10365,5312,68,0.35248652,0.032501664,-0.11458462
10371,5318,69,0.34233484,0.019840635,-0.12185367
10374,5322,69,0.3368234,0.00556101,-0.13083866
10380,5328,69,0.32969323,-0.018152237,-0.14937809
10386,5335,69,0.33447793,-0.035882898,-0.17384796
10389,5338,69,0.3374136,-0.042850066,-0.18279795
10395,5345,69,0.34467772,-0.05329401,-0.20753594
10401,5351,69,0.34783727,-0.07150243,-0.2224472
10407,5357,69,0.34427387,-0.085449435,-0.23563841
10410,5360,69,0.34788328,-0.090834245,-0.23879156
10416,5366,69,0.34242362,-0.100574724,-0.25029337
10422,5372,69,0.34385854,-0.10692897,-0.25058693
10428,5378,69,0.34630522,-0.1082926,-0.25718498
10431,5381,69,0.34579077,-0.103016146,-0.26048887
10437,5387,69,0.3433286,-0.09325762,-0.25891694
10443,5392,69,0.34799546,-0.08432119,-0.2611779
10446,5395,69,0.3491939,-0.082206696,-0.26068085
10452,5399,70,0.35139802,-0.07910317,-0.26089764
10458,5402,70,0.36866722,-0.06890995,-0.26620007
10464,5405,70,0.36733332,-0.06630779,-0.26177847
10467,5407,70,0.36529097,-0.06480036,-0.26025844
10473,5410,70,0.3673098,-0.06307673,-0.255458
10479,5413,70,0.36544704,-0.064068876,-0.25127995
10485,5416,70,0.37058902,-0.059687294,-0.25144565
10488,5419,70,0.36300263,-0.051456023,-0.24787056
10494,5424,70,0.35413602,-0.047538444,-0.24500623
10500,5429,70,0.34705156,-0.048537854,-0.23961191
10503,5432,70,0.34859496,-0.054061368,-0.23798414
10509,5438,70,0.34680426,-0.06502211,-0.23447245
10515,5444,70,0.34196913,-0.07432854,-0.22938782
10521,5450,70,0.3418721,-0.08354057,-0.22299397
10524,5454,70,0.34019825,-0.08720976,-0.22144529
10530,5460,70,0.34370202,-0.09194746,-0.21679372
10536,5466,71,0.34498003,-0.09073868,-0.21277632
10542,5471,71,0.34831503,-0.084897585,-0.20757541
10545,5473,71,0.35751125,-0.08022778,-0.20973462
10551,5476,71,0.36535588,-0.063577436,-0.20843297
10557,5479,71,0.36916083,-0.045515843,-0.20658575
10563,5482,71,0.36904737,-0.036382075,-0.20375286
10566,5484,71,0.3654583,-0.034105085,-0.19978641
10572,5488,71,0.3590695,-0.030187504,-0.19548607
10578,5492,71,0.35806352,-0.021810932,-0.19176692
10584,5496,71,0.35874954,-0.01321011,-0.1889385
10587,5498,71,0.35442665,-0.009728873,-0.18402356
10593,5503,71,0.35196567,-0.008308858,-0.17990944
10599,5507,71,0.35031176,-0.0018507187,-0.17582983
10602,5509,71,0.35711727,0.0019272612,-0.1746463
10608,5513,71,0.36164683,0.01180552,-0.17028387
10614,5517,72,0.35869542,0.016574975,-0.16890612
10620,5522,72,0.3511924,0.016130162,-0.16373439
10626,5527,72,0.34926474,0.013153283,-0.15914412
10629,5530,72,0.34591264,0.011336419,-0.15409848
10635,5536,72,0.3428892,0.009894798,-0.15044479
10641,5541,72,0.34376216,0.016862554,-0.14267048
10644,5544,72,0.34310886,0.021710057,-0.14128354
10650,5549,72,0.34479648,0.028680936,-0.1357487
10656,5554,72,0.34984857,0.030020073,-0.12979789
10662,5559,72,0.34781647,0.027757017,-0.12508367
10665,5562,72,0.34841138,0.027610706,-0.12176621
10671,5566,72,0.35136768,0.031171111,-0.1173905
10677,5571,72,0.35644063,0.027816346,-0.10906793
10683,5575,72,0.35473657,0.008298965,-0.099254385
10686,5577,72,0.35592455,0.0026580482,-0.10403461
10692,5581,72,0.36027756,0.016057253,-0.101855315
10698,5584,73,0.35977915,0.029031407,-0.09555544
10704,5588,73,0.36002445,0.04645436,-0.09428652
10707,5589,73,0.36111203,0.05910921,-0.09669593
10713,5593,73,0.3674154,0.08049256,-0.09134455
10719,5597,73,0.3600936,0.08648898,-0.086773574
10725,5601,73,0.35485807,0.08194686,-0.08751319
10728,5603,73,0.35044026,0.07930251,-0.085526556
10734,5608,73,0.35262346,0.075489216,-0.081844084
10740,5612,73,0.35331884,0.07634408,-0.07957751
10746,5616,73,0.35192013,0.08332397,-0.07558876
10749,5618,73,0.35446686,0.08658917,-0.073264375
10755,5621,73,0.36173576,0.09975333,-0.06757079
10761,5625,73,0.35926986,0.11567677,-0.063251406
10767,5630,73,0.35104814,0.12368829,-0.056554683
10770,5632,73,0.35137653,0.123263456,-0.053447362
10776,5637,74,0.3483151,0.114053436,-0.05089901
10782,5642,74,0.34788236,0.10675728,-0.044346068
10788,5649,74,0.34365553,0.09192555,-0.04216679
10791,5652,74,0.33382267,0.08285901,-0.040033277
10797,5659,74,0.3324689,0.06666965,-0.038604766
10803,5665,74,0.33727643,0.056286402,-0.034789544
10809,5670,74,0.34204593,0.0579111,-0.036541697
10812,5673,74,0.3460285,0.06006353,-0.03391765
10818,5676,74,0.35667974,0.070233226,-0.032029763
10824,5679,74,0.36303854,0.08558086,-0.03667608
10827,5681,74,0.35825694,0.08921491,-0.031478323
10833,5686,74,0.3503226,0.08028815,-0.032691218
10839,5692,74,0.34620425,0.067633644,-0.03124477
10845,5697,74,0.3409433,0.059097573,-0.025111727
10848,5700,74,0.33927223,0.055537347,-0.024959266
10854,5705,74,0.33945864,0.05469968,-0.022270508
10860,5711,75,0.34536305,0.058189083,-0.020238675
10866,5715,75,0.34757188,0.061204974,-0.018781416
10869,5718,75,0.3507337,0.062303156,-0.01863087
10875,5723,75,0.34396726,0.06481135,-0.01571244
10881,5728,75,0.34058046,0.06344554,-0.013406433
10884,5731,75,0.33777216,0.05880851,-0.010023437
10890,5737,75,0.3344102,0.04861848,-0.0072439164
10896,5745,75,0.3243899,0.035353683,1.6070902E-5
10902,5752,75,0.32797235,0.015199379,-0.0046015605
10908,5759,75,0.32741246,-0.0010632832,-0.0064170063
10911,5763,75,0.31991842,-0.008488716,-0.0048785284
10917,5770,75,0.32449907,-0.02362319,-0.009695813
10923,5777,75,0.3232852,-0.03648259,-0.013129689
10926,5781,75,0.32507375,-0.04228095,-0.013646729
10932,5788,75,0.32859248,-0.05108401,-0.017192096
10938,5795,75,0.3221382,-0.046508085,-0.0155790225
10944,5802,76,0.3178517,-0.04467457,-0.015050866
10947,5806,76,0.32475033,-0.04398836,-0.016456954
10953,5813,76,0.31857187,-0.043875203,-0.014315225
10959,5820,76,0.31924832,-0.037722472,-0.012160204
10965,5827,76,0.320848,-0.032689635,-0.012323074
10971,5834,76,0.32199812,-0.02743355,-0.009910017
10974,5837,76,0.31908888,-0.02804919,-0.007206939
10980,5844,76,0.3232274,-0.027905345,-0.006527677
10983,5847,76,0.3209607,-0.028632617,-0.0050676838
10989,5854,76,0.3182431,-0.031676363,-0.0017299727
10995,5861,76,0.3258373,-0.040773362,-7.804185E-4
10998,5864,76,0.31963825,-0.0439102,-6.939173E-4
11004,5871,76,0.32505322,-0.050945673,-3.2141805E-5
11010,5878,76,0.31954265,-0.0576939,0.0061753914
11013,5882,76,0.31613734,-0.06532662,0.005197093
11019,5889,76,0.31874403,-0.08527711,-0.0014735386
11025,5897,76,0.31574044,-0.09369243,-0.0022732764
11031,5904,77,0.3225212,-0.09705832,-0.0020520836
11034,5908,77,0.31640804,-0.09938052,-0.0025958642
11040,5914,77,0.3264219,-0.09968003,-0.004458688
11046,5918,77,0.34032968,-0.09424938,-0.0014573708
11049,5921,77,0.33895442,-0.093358636,-0.0010968372
11055,5924,77,0.34588063,-0.09464257,-0.005352907
11061,5928,77,0.34802872,-0.09488633,-0.0054556206
11067,5930,77,0.35442764,-0.09033689,-0.003567256
11070,5932,77,0.35907322,-0.08854993,-0.002090469
11076,5935,77,0.35563347,-0.08011731,-0.0016245842
11082,5938,77,0.35807195,-0.07444559,0.0015082657
11085,5939,77,0.35280696,-0.07258414,0.0031196922
11091,5943,77,0.35419205,-0.06938943,-0.0010984391
11097,5948,77,0.34698355,-0.060561527,0.0026162267
11100,5950,77,0.34226504,-0.058059536,0.0019955412
11106,5955,77,0.3377934,-0.052271597,-0.0050212964
11112,5960,78,0.3353319,-0.03745556,-0.002576016
11118,5966,78,0.33330503,-0.025139261,-0.0045441017
11124,5972,78,0.3224986,-0.02058755,-0.0067057237
11127,5975,78,0.32877856,-0.019212916,-0.0105899945
11133,5980,78,0.3289906,-0.015492866,-0.015732966
11139,5986,78,0.33200508,-0.01870741,-0.018584855
11142,5989,78,0.3292147,-0.023060882,-0.021383524
11148,5994,78,0.33285004,-0.01790793,-0.0040673018
11151,5998,78,0.3275828,-0.017280972,-0.003123626
11157,6004,78,0.32182476,-0.034527313,-0.006701976
11163,6011,78,0.31957242,-0.062192053,-0.00504639
11166,6014,78,0.31991193,-0.068639845,-0.0046792477
11172,6021,78,0.32558808,-0.076054305,-0.0086645335
11178,6027,78,0.32436565,-0.053426206,-0.0050714836
11184,6033,78,0.32285565,-0.040826455,-0.0014067069
11187,6035,78,0.33293438,-0.036341198,-7.138625E-4
11193,6040,78,0.32975766,-0.03182481,0.004754804
11196,6043,78,0.3278988,-0.030138914,0.006696649
11202,6047,79,0.33567083,-0.02923503,0.005756758
11208,6051,79,0.33886352,-0.0278449,0.006933421
11214,6053,79,0.3471839,-0.017640883,0.004774481
11217,6054,79,0.34941533,-0.009294078,0.003057383
11223,6057,79,0.35210246,0.0039664214,0.0017802194
11229,6059,79,0.34735158,0.011732435,0.0022707954
11232,6060,79,0.35668695,0.01426634,-0.001109235
11238,6064,79,0.3425528,0.009323867,0.0011398196
11244,6069,79,0.33101547,-0.002397533,7.028505E-4
11247,6071,79,0.3273545,-0.0065678423,-0.0029579177
11253,6076,79,0.33433273,-0.006951099,0.008766882
11259,6082,79,0.3232228,-0.0084922975,0.010534309
11262,6085,79,0.3131741,-0.015757017,0.0124009475
11268,6092,79,0.31794956,-0.028124494,0.01872386
11274,6096,79,0.3282531,-0.031715482,0.021898486
11280,6100,79,0.33087498,-0.01074055,0.023591675
11283,6102,80,0.3401006,-0.0021413635,0.025520496
11289,6105,80,0.334707,0.013145009,0.026378952
11295,6109,80,0.3313617,0.024667842,0.027703464
11298,6111,80,0.33636984,0.030165356,0.027948476
11304,6115,80,0.3338649,0.03377235,0.027274437
11310,6120,80,0.32485542,0.032714833,0.02993352
11313,6122,80,0.33010125,0.029281156,0.030465938
11319,6126,80,0.32950446,0.02852171,0.028910026
11325,6130,80,0.33181998,0.028875545,0.027363323
11328,6132,80,0.33169794,0.028001687,0.02807217
11334,6136,80,0.32628122,0.022937557,0.026465014
11340,6141,80,0.3287393,0.014028174,0.025826566
11346,6146,80,0.32365394,0.0077592134,0.02803471
11349,6148,80,0.31745803,0.0115241455,0.03422846
11355,6153,80,0.32085338,0.014316271,0.029983543
11364,6160,80,0.3168242,0.019272963,0.030540213
11370,6165,81,0.31665084,0.024856262,0.028609022
11376,6170,81,0.31805205,0.029892145,0.026732773
11379,6173,81,0.31512788,0.03264172,0.027360693
11385,6177,81,0.3193978,0.035900056,0.027365386
11391,6182,81,0.31451982,0.032195576,0.03230183
11394,6184,81,0.31914398,0.031535015,0.028762951
11400,6188,81,0.31602067,0.029782861,0.028277323
11406,6193,81,0.3191762,0.029268688,0.027733162
11412,6197,81,0.3153792,0.025870092,0.028616153
11415,6200,81,0.318609,0.02279641,0.028329208
11421,6205,81,0.31001648,0.014354482,0.029717572
11427,6211,81,0.3075084,0.0041852808,0.03063561
11430,6214,81,0.3042837,-7.585263E-5,0.03050682
11436,6220,81,0.29818892,-0.00743367,0.033005446
11442,6227,81,0.30333412,-0.0123118535,0.029874377
11445,6229,81,0.29773536,-0.06583228,0.023150384
11451,6235,81,0.30358738,-0.06526127,0.021697506
11457,6240,81,0.30633005,-0.024600925,0.020773083
11463,6244,82,0.30748862,0.0058435877,0.018426463
11466,6246,82,0.31655565,0.014273784,0.017698549
11472,6250,82,0.31510162,0.033401456,0.012768783
11478,6254,82,0.31262177,0.043869082,0.006936148
11481,6256,82,0.31146663,0.044531185,0.0051141903
11487,6260,82,0.30733746,0.053578224,0.0034830645
11493,6265,82,0.30172688,0.05935739,0.003697373
11499,6270,82,0.29770896,0.05907475,0.0018133447
11502,6273,82,0.2960717,0.05722864,0.0047137663
11508,6278,82,0.29613551,0.051911734,0.0020297468
11514,6284,82,0.29528746,0.049425475,0.0017008632
11520,6290,82,0.2977018,0.050227363,-0.0013181716
11523,6292,82,0.29226527,0.048501782,0.0011046603
11529,6298,82,0.29066464,0.04729097,2.8418005E-4
11535,6303,82,0.2899378,0.043909676,-3.1194836E-4
11541,6311,82,0.29252872,0.03824009,-6.53252E-4
11544,6316,82,0.24077682,0.024737686,-0.006068915
11550,6323,82,0.26543057,-0.0040012044,-0.0018458813
11556,6328,83,0.29267523,-0.0064710816,-0.0046138093
11562,6330,83,0.31171212,0.014608402,-0.008661114
11565,6331,83,0.3107217,0.02610591,-0.010324597
11571,6333,83,0.3100938,0.04409548,-0.012937903
11577,6336,83,0.3149588,0.054387916,-0.01746346
11583,6338,83,0.30894104,0.05599104,-0.020684116
11586,6340,83,0.30362877,0.05663066,-0.022865657
11592,6342,83,0.3135641,0.06545704,-0.022670284
11598,6344,83,0.30965537,0.070628785,-0.022090137
11604,6347,83,0.31468675,0.068991475,-0.02700873
11607,6349,83,0.3072516,0.06434639,-0.025999378
11613,6351,83,0.31361333,0.06869178,-0.028625108
11619,6354,83,0.3099252,0.07789603,-0.027401019
11625,6356,83,0.31359047,0.087028965,-0.031690497
11628,6358,83,0.30980182,0.088868804,-0.028354652
11634,6361,83,0.30224964,0.08595402,-0.032530293
11640,6365,83,0.29720458,0.07324998,-0.034183793
11646,6369,83,0.29540434,0.05833229,-0.034420393
11649,6372,84,0.30064192,0.049518857,-0.035247765
11655,6376,84,0.29484323,0.030934125,-0.035171203
11661,6380,84,0.29332086,0.018272208,-0.03406025
11667,6385,84,0.2933324,0.0063389745,-0.033496406
11670,6387,84,0.29534563,0.0014653269,-0.03411173
11676,6391,84,0.29286033,-8.8280416E-5,-0.031063132
11682,6396,84,0.29385814,-0.005038688,-0.02873673
11688,6400,84,0.29251498,-0.008452385,-0.02681211
11694,6405,84,0.29137132,-0.008482236,-0.023846392
11697,6407,84,0.29446748,-0.010245429,-0.023638394
11703,6412,84,0.28381386,-0.011121615,-0.018967476
11709,6417,84,0.2851443,-0.013247517,-0.021955434
11715,6421,84,0.28761408,-0.0060242033,-0.037623663
11718,6423,84,0.2840578,0.0013445737,-0.0483107
11724,6428,84,0.2874495,0.011911637,-0.07429523
11730,6433,84,0.27906796,0.013650683,-0.10079329
11736,6438,84,0.2744789,0.010882555,-0.12902886
11742,6445,84,0.27099097,-0.004068578,-0.15545923
11745,6448,85,0.26372004,-0.010106102,-0.16547018
11751,6455,85,0.2566944,-0.026665278,-0.18613444
11757,6463,85,0.24802704,-0.04203745,-0.20376739
11763,6470,85,0.2438859,-0.05486527,-0.2224365
11766,6474,85,0.2508299,-0.06298841,-0.23297146
11772,6481,85,0.24683765,-0.063454576,-0.25345016
11778,6488,85,0.25033545,-0.06147982,-0.2763792
11784,6494,85,0.24360573,-0.06525518,-0.28913635
11790,6500,85,0.24410912,-0.0665505,-0.30522335
11793,6483,85,0.24269953,-0.06673025,-0.31619406
11799,6448,85,0.1977678,-0.07004655,-0.33502376
11805,6413,85,0.04206655,-0.08308413,-0.3501122
11811,6379,85,-0.08054076,-0.08463209,-0.37338564
11817,6345,85,-0.10103542,-0.066961914,-0.39574683
11820,6328,85,-0.0963715,-0.05851569,-0.4076673
11826,6294,85,-0.08017725,-0.047321454,-0.43242937
11832,6260,85,-0.07161343,-0.041674405,-0.45627716
11838,6227,85,-0.07141625,-0.04278174,-0.47850627
11841,6210,85,-0.07885012,-0.043484256,-0.48979354
11847,6177,85,-0.08451409,-0.04336049,-0.50738543
11853,6144,85,-0.085296065,-0.043390486,-0.52642596
11859,6111,85,-0.0868247,-0.04397068,-0.5461062
11865,6078,85,-0.087844275,-0.04337819,-0.562964
11868,6062,85,-0.08668212,-0.04211578,-0.5729205
11874,6030,85,-0.09206314,-0.036403038,-0.59333384
11880,5998,85,-0.09550517,-0.026860308,-0.6184932
11886,5966,85,-0.102292076,-0.016805178,-0.6424694
11892,5934,85,-0.10049282,-0.010904532,-0.66060346
11895,5919,85,-0.105444595,-0.009633323,-0.6675055
11901,5887,85,-0.10774493,-0.0074741254,-0.6841156
11907,5856,85,-0.11281173,-0.010661534,-0.70149285
11913,5825,85,-0.10935782,-0.007567927,-0.72281075
11919,5794,85,-0.11380025,-0.0032406964,-0.74575716
11922,5779,85,-0.12045816,0.0015600934,-0.7559096
11928,5748,85,-0.12632392,0.01258836,-0.782964
11934,5718,85,-0.122847155,0.02437077,-0.8048696
11940,5688,85,-0.12869918,0.03286932,-0.8201145
11943,5673,85,-0.13189515,0.0340255,-0.8267369
11949,5643,84,-0.13926923,0.035400968,-0.8414346
11955,5613,84,-0.13894537,0.035292327,-0.8547432
11961,5584,84,-0.14520389,0.03525576,-0.8660611
11967,5554,84,-0.15074933,0.033924073,-0.8709787
11970,5540,84,-0.1424593,0.034213822,-0.8728527
11976,5511,84,-0.14656135,0.028995018,-0.88039964
11982,5482,84,-0.14293185,0.02314966,-0.8912387
11988,5453,84,-0.15090577,0.022659777,-0.90487033
11991,5439,84,-0.15094805,0.022641199,-0.91345906
11997,5410,84,-0.1618401,0.026898531,-0.9262994
12003,5382,84,-0.15980983,0.028997721,-0.9420229
12009,5354,84,-0.1686355,0.033115968,-0.94964796
12015,5326,84,-0.17120527,0.030670362,-0.9656223
12018,5312,84,-0.1723829,0.033901718,-0.9749801
12024,5284,84,-0.1764459,0.03865742,-0.9819083
12030,5257,84,-0.1790882,0.039719198,-0.99382186
12036,5229,84,-0.17754136,0.039759547,-0.99409026
12042,5202,84,-0.1784134,0.038131807,-0.99651104
12048,5175,84,-0.1815209,0.033859078,-0.99535143
12051,5162,84,-0.18090104,0.031595025,-0.9944965
12057,4685,84,-0.18339305,0.02704381,-1.0006989
12063,4611,84,0.2556582,0.07644768,-0.8908756
12069,4543,84,0.22145838,0.049918097,-0.9019245
12072,4513,84,0.1853349,0.03834832,-0.92097914
12078,4463,84,0.09638086,0.016502226,-0.9518171
12084,4420,84,0.032700494,0.0012508474,-0.97147727
12090,4382,84,-0.005306378,-0.012660199,-0.9705253
12096,4399,84,-0.021668717,-0.028394414,-0.9742463
12102,4414,84,-9.082854E-4,-0.029198349,-0.9686513
12105,4421,84,0.002777636,-0.029588649,-0.9672801
12111,4433,84,0.02037999,-0.034962174,-0.95821005
12117,4444,84,0.031527072,-0.042378753,-0.95123816
12123,4454,84,0.035820067,-0.05379436,-0.9434336
12126,4458,84,0.040538594,-0.057735458,-0.9437573
12132,4466,84,0.05091981,-0.06385302,-0.93160105
12138,4474,84,0.059844255,-0.07018118,-0.93175495
12144,4480,84,0.06069661,-0.075612664,-0.9246811
12150,4486,84,0.06603253,-0.08359339,-0.92027205
12156,4491,84,0.07362203,-0.092076294,-0.91469616
12159,4494,84,0.08178961,-0.09542419,-0.91166824
12165,4499,84,0.07745848,-0.10205287,-0.90390426
12171,4503,84,0.08328729,-0.11081616,-0.9033699
12177,4507,84,0.08649654,-0.108549304,-0.8994169
12183,4511,84,0.087064356,-0.1138447,-0.8932967
12186,4513,84,0.08862542,-0.12038785,-0.8818475
12192,4517,84,0.087682314,-0.13605057,-0.8732505
12198,4521,84,0.089349285,-0.14083156,-0.8742329
12204,4524,84,0.09799552,-0.14272678,-0.8811453
12210,4527,84,0.09808721,-0.135757,-0.88817024
12216,4529,84,0.09092966,-0.12440574,-0.8940421
12219,4530,84,0.097204834,-0.11912948,-0.90176487
12225,4532,84,0.09635203,-0.106269345,-0.91547215
12231,4534,84,0.08390531,-0.09397515,-0.9240722
12237,4536,84,0.077810004,-0.08036476,-0.93499684
12243,4539,84,0.07494432,-0.071493186,-0.9365347
12249,4541,84,0.072906226,-0.06838051,-0.93305326
12252,4543,84,0.07739119,-0.07216016,-0.92888236
12258,4545,84,0.07790358,-0.083694294,-0.920419
12264,4547,84,0.07866989,-0.08553419,-0.9227649
12270,4548,84,0.08345811,-0.086066455,-0.9303924
12276,4551,84,0.0747607,-0.07771448,-0.92708486
12279,4552,84,0.07782039,-0.07787088,-0.9225539
12285,4553,84,0.07062401,-0.08229344,-0.9205015
12291,4553,84,0.06320097,-0.084454045,-0.92374057
12297,4552,84,0.06412655,-0.08462464,-0.9142872
12303,4550,84,0.06445378,-0.08251067,-0.92933273
12309,4546,84,0.060189337,-0.075309016,-0.9313389
12312,4543,84,0.06358112,-0.074227616,-0.93325776
12318,4538,84,0.065552026,-0.069701,-0.937502
12324,4532,84,0.05776934,-0.06781034,-0.93909544
12330,4524,84,0.056704238,-0.061610196,-0.95122564
12333,4520,84,0.057458676,-0.056640588,-0.9608915
12339,4512,84,0.054912314,-0.044839,-0.9589145
12345,4505,84,0.043684386,-0.048267998,-0.9502421
12351,4498,84,0.024145525,-0.051881414,-0.9512474
12357,4491,84,0.017468376,-0.0569222,-0.95052516
12360,4488,84,0.008188399,-0.0580918,-0.95102555
12366,4481,84,3.6234036E-4,-0.056116764,-0.9664809
12372,4475,84,-0.007230267,-0.04489683,-0.9790897
12378,4469,84,-0.018883847,-0.027992187,-0.9987802
12381,4467,84,-0.023046162,-0.01994351,-1.0008147
12387,4461,84,-0.036883608,-0.0053291107,-1.0188192
12393,4456,84,-0.04193254,0.009702573,-1.0240592
12399,4453,84,-0.0550618,0.02228512,-1.0263535
12402,4451,84,-0.05987257,0.021929897,-1.0260594
12408,4449,84,-0.0716438,0.024085877,-1.0263244
12414,4447,84,-0.08411646,0.02505291,-1.0231762
12417,4446,84,-0.07657468,0.023459982,-1.0222716
12423,4444,84,-0.07700602,0.020258017,-1.0140613
12429,4442,83,-0.08062772,0.015131606,-1.0183328
12435,4440,83,-0.08036578,0.010982828,-1.002091
12438,4439,83,-0.079484895,0.0042661335,-1.0008194
12444,4437,83,-0.08019638,0.0019007921,-0.9957992
12450,4436,83,-0.08042096,-0.005333775,-0.9911532
12456,4434,83,-0.08318538,-0.009274969,-0.9911021
12459,4433,83,-0.07384779,-0.010117338,-0.9933389
12465,4430,83,-0.074638076,-0.005933904,-1.0016073
12471,4427,83,-0.07631628,-0.003557748,-0.9994985
12474,4425,83,-0.07839307,-0.004574364,-1.0051675
12480,4421,83,-0.06868243,0.0022381565,-1.0159324
12486,4417,83,-0.06544284,0.012034484,-1.0129511
12489,4415,83,-0.06324044,0.012484861,-1.0149022
12495,4410,83,-0.06296933,0.014306769,-1.0187275
12501,4405,83,-0.062798895,0.016758692,-1.0139694
12507,4401,83,-0.06434068,0.015975794,-1.0100194
12510,4399,83,-0.0640824,0.013421305,-1.0079069
12516,4396,83,-0.071197234,0.0075914534,-1.0040617
12522,4392,83,-0.07381437,0.0012883043,-0.9977905
12525,4391,83,-0.07688421,-0.0018687395,-0.9911163
12531,4388,83,-0.075998686,-0.011748743,-0.9796668
12537,4385,83,-0.06990847,-0.02464341,-0.97139627
12540,4384,83,-0.06963979,-0.030777153,-0.96892256
12546,4382,83,-0.07287675,-0.039398327,-0.9600559
12552,4379,83,-0.07353927,-0.047282264,-0.95536
12555,4378,83,-0.07523704,-0.049203124,-0.9529483
12561,4376,83,-0.07561623,-0.05558986,-0.94167215
12567,4375,83,-0.08184478,-0.060021605,-0.9390982
12570,4374,82,-0.082223244,-0.06279132,-0.935832
12576,4373,82,-0.077913724,-0.06789007,-0.9231186
12582,4371,82,-0.08561295,-0.07953682,-0.92255574
12585,4370,82,-0.081263326,-0.080979064,-0.9220136
12591,4369,82,-0.08172727,-0.0803309,-0.9177849
12594,4368,82,-0.08601032,-0.08249538,-0.9128475
12600,4367,82,-0.08749826,-0.083963886,-0.91143596
12606,4365,82,-0.07794659,-0.09129475,-0.9107506
12609,4364,82,-0.08487278,-0.0907092,-0.9135813
12615,4361,82,-0.08055405,-0.09000231,-0.9071221
12621,4360,82,-0.0881481,-0.09209759,-0.9013406
12624,4359,82,-0.028161146,-0.07375885,-0.7980498
12630,4358,82,-0.09179662,-0.18256108,-0.8374261
12636,4357,82,-0.14005385,-0.07241352,-0.8832561
12639,4356,82,-0.16286002,-0.03573803,-0.90030634
12645,4356,82,-0.18189254,0.050230246,-0.9251927
12648,4355,82,-0.1860536,0.0931836,-0.9328935
12654,4353,82,-0.18191552,0.15624392,-0.94272774
12657,4353,82,-0.18417852,0.1782745,-0.94321394
12663,4352,82,-0.18051036,0.20178072,-0.92888963
12669,4350,82,-0.11099614,0.18495071,-0.8772667
12672,4350,82,-0.087710515,0.14605355,-0.84122723
12678,4348,82,-0.07090521,0.04903345,-0.8045241
12684,4346,82,-0.052912474,-0.0894038,-0.79412055
12687,4345,82,-0.064623564,-0.10640704,-0.8008878
12693,4344,82,-0.06098467,-0.1400074,-0.80072147
12696,4343,82,-0.060354173,-0.14685473,-0.8058037
12702,4340,81,-0.05897653,-0.14852874,-0.8088412
12708,4337,81,-0.05603239,-0.14360166,-0.81302875
12711,4336,81,0.11883268,-0.16238324,-0.48951927
12717,4333,81,0.057711385,-0.40934747,-0.5978698
12720,4332,81,0.021401942,-0.3688653,-0.64335203
12726,4330,81,-0.046558887,-0.19159782,-0.71733725
12729,4329,81,-0.07221785,-0.11732068,-0.73648554
12735,4326,81,-0.10023199,-0.014252745,-0.76855344
12741,4327,81,-0.112941295,0.09360215,-0.77668095
12744,4330,81,-0.17082965,0.15515263,-0.71172684
12750,4329,81,-0.07513562,0.16194023,-0.7421176
12753,4325,81,-0.037319496,0.13933143,-0.74779224
12759,4313,81,0.020748474,0.12358913,-0.74646604
12762,4307,81,0.041156538,0.10765498,-0.7477574
12768,4295,81,0.04797793,0.04183727,-0.73925275
12774,4286,81,0.034250334,0.045205243,-0.7239657
12777,4283,81,0.032569453,0.047960132,-0.7114628
12783,4284,81,0.014616594,0.04191176,-0.68199885
12786,4289,81,-0.014752381,0.04301764,-0.6099835
12792,4301,81,-0.059319206,-0.032216214,-0.52527666
12798,4313,81,-0.05404385,-0.12520766,-0.5046717
12801,4318,81,-0.039067484,-0.18453118,-0.5189718
12807,4326,81,-0.015699625,-0.23140705,-0.5443302
12810,4330,81,-0.0047973394,-0.24329925,-0.55907136
12816,4335,81,0.016755618,-0.24354556,-0.5747976
12819,4337,81,0.020166062,-0.23794116,-0.57516146
12825,4343,81,0.026119873,-0.21583214,-0.5739719
12828,4356,81,0.030142158,-0.19966595,-0.5673279
12834,4383,81,-0.10033998,-0.29343817,-0.30366465
12840,4402,81,-0.07107657,-0.31199577,-0.36454275
12846,4409,81,3.946796E-4,-0.25161752,-0.50012875
12849,4409,81,0.02296342,-0.20553519,-0.54624623
12855,4406,81,0.054099075,-0.07966877,-0.58881915
12858,4404,81,0.063161425,-0.035610456,-0.5885278
12864,4400,81,0.055109557,0.032532606,-0.5722991
12870,4401,81,0.03957563,0.071604475,-0.5431418
12873,4406,81,0.014826819,0.055767737,-0.4774626
12879,4421,81,-0.04245793,0.01369385,-0.4214154
12882,4428,81,-0.060504563,-0.021978658,-0.40698442
12888,4442,81,-0.06248434,-0.12825184,-0.399739
12891,4448,81,-0.0515557,-0.15901473,-0.40805566
12897,4457,81,-0.030046046,-0.19776505,-0.4300475
12903,4465,81,-0.009870328,-0.19407254,-0.45664397
12906,4468,81,-0.0058221743,-0.1806259,-0.46375713
12912,4474,81,0.012766615,-0.15155831,-0.4779268
12915,4477,81,0.006705612,-0.13676362,-0.4782975
12921,4485,81,0.0060731024,-0.11004778,-0.47864738
12927,4494,81,-0.0028248876,-0.086384885,-0.47569904
12930,4498,81,-6.3331425E-4,-0.07784489,-0.47011173
12936,4508,81,-0.0053924844,-0.07028522,-0.46832907
12939,4512,81,-0.00814794,-0.066197574,-0.46535644
12945,4467,81,-0.013749905,-0.059791766,-0.46702102
12948,4472,81,-0.015079327,-0.05555602,-0.4752142
12954,4482,81,-0.026719645,-0.04563058,-0.48459986
12960,4491,81,-0.031552456,-0.032896783,-0.48528987
12963,4495,81,-0.025755487,-0.024957757,-0.48979104
12969,4502,81,-0.020665936,-0.008392689,-0.4899981
12975,4509,81,-0.018878885,0.0069788406,-0.4941952
12978,4485,81,-0.01685799,0.015793145,-0.49401763
12984,4465,81,-0.023320027,0.029014781,-0.5028271
12987,4468,81,-0.025445342,0.035525106,-0.5106821
12993,4474,81,-0.026835568,0.050440397,-0.5156225
12996,4477,81,-0.02362381,0.0556145,-0.5141512
13002,4428,81,-0.029823944,0.08778845,-0.5237784
13008,4381,81,-0.03757099,0.081606634,-0.5353793
13011,4359,81,-0.046129048,0.0845343,-0.54338795
13017,4309,75,-29.340286,0.66035867,19.238747
13020,4282,69,-60.56124,-0.8298419,39.322437
13026,4229,61,-44.448296,-1.1874223,28.882734
13032,4176,57,-28.949648,-0.66938686,20.381456
13035,4149,55,-24.150867,-0.48958388,16.98868
13041,4094,53,-16.54357,-0.64571923,11.866811
13044,4066,53,-13.4654455,-0.61570525,9.777147
13050,4010,52,-8.9657755,-0.471578,6.611278
13053,3982,52,-7.882761,-0.44108212,5.856445
13059,3924,51,-5.0971565,-0.30181384,3.8000875
13062,3895,51,-2.749926,-0.04075557,1.9345984
13068,3836,51,-1.9253469,0.018613202,1.2956458
13071,3806,51,-1.9960735,0.00515805,1.3753345
13077,3746,50,-4.122867,-2.037605,1.605338
13080,3715,50,-3.3078537,-2.1672418,0.88554305
13086,3655,50,-2.2581668,-1.3847141,0.41162854
13092,3594,50,-0.04695455,0.6643849,-0.33457834
13095,3564,49,-0.19778024,0.71540856,-0.20925492
13101,3504,49,-0.18426469,0.7183752,-0.27945006
13104,3473,49,-0.017286055,0.67327887,-0.47599295
13110,3413,49,-0.01455882,0.7084549,-0.5096241
13113,3383,49,-0.17370155,0.79031575,-0.34545645
13119,3322,49,-0.08622261,0.805359,-0.44338092
13125,3260,49,-0.078052714,0.8290647,-0.45353678
13131,3198,49,0.14664182,0.7541723,-0.7122834
13134,3166,49,0.14679696,0.75400656,-0.7103824
13140,3101,49,0.14248253,0.7492438,-0.7079351
13146,3036,49,0.13587934,0.7391156,-0.71260023
13149,3003,49,0.13493434,0.72490233,-0.7175052
13155,2938,49,0.13204983,0.6979167,-0.7195678
13161,2874,49,0.123739384,0.677233,-0.71390086
13164,2842,49,0.12372562,0.6664742,-0.71058583
13170,2779,49,0.1190186,0.637702,-0.70483065
13176,2716,49,0.1127636,0.59700376,-0.6961361
13182,2655,49,0.11677524,0.5553957,-0.69326574
13185,2625,49,0.11388947,0.5329533,-0.68953973
13191,2567,49,0.10850786,0.4846276,-0.6913534
13197,2513,49,0.10286456,0.4342141,-0.70084506
13200,2488,49,0.08236973,0.407332,-0.7042113
13206,2490,49,0.037910014,0.35160708,-0.71696264
13209,2501,49,-0.0063740015,0.32051483,-0.7239002
13215,2538,49,-0.12703578,0.25341496,-0.7084873
13221,2589,49,-0.24882613,0.18898718,-0.6485041
13224,2618,48,-0.27198872,0.16528246,-0.6139389
13230,2676,48,-0.28952232,0.124981776,-0.5391132
13233,2705,48,-0.2726503,0.10319309,-0.5028421
13239,2763,48,-0.2157954,0.055162292,-0.4133071
13242,2793,48,-0.18934235,0.030805565,-0.36482877
13248,2852,48,-0.14091842,-0.016258648,-0.26191232
13254,2910,48,-0.125841,-0.052678045,-0.15998271
13260,2970,48,-0.13034415,-0.08567108,-0.07806325
13263,2999,48,-0.14154232,-0.10260248,-0.044493873
13269,3059,48,-0.14610311,-0.13218606,0.0049465
13275,3119,48,-0.14911297,-0.16036868,0.038308848
13281,3180,48,-0.14481017,-0.18534566,0.05694262
13284,3211,48,-0.14222267,-0.19858743,0.061857577
13290,3273,48,-0.13781846,-0.22412711,0.07915372
13296,3335,48,-0.14370038,-0.24810484,0.0751379
13299,3365,48,-0.1400932,-0.26010925,0.07083177
13305,3426,48,-0.13854326,-0.28013235,0.05975907
13311,3486,48,-0.13522941,-0.29528806,0.045913294
13317,3546,48,-0.13269447,-0.30821013,0.032804523
13320,3576,48,-0.13002414,-0.31177127,0.027011212
13326,3635,48,-0.1238401,-0.30774665,0.0073147453
13332,3695,48,-0.12022336,-0.30860394,-0.009284738
13335,3725,48,-0.113605455,-0.3086359,-0.01589876
13341,3784,48,-0.10767943,-0.30506808,-0.028138809
13347,3842,48,-0.09670116,-0.2987378,-0.041202784
13353,3894,48,-0.092171736,-0.28898847,-0.049127094
13356,3919,48,-0.084935844,-0.28326622,-0.059507933
13362,3965,48,-0.07866623,-0.27128676,-0.067330636
13368,4007,48,-0.07037049,-0.25933507,-0.0734296
13371,4025,48,-0.06997582,-0.2531517,-0.07536854
13377,4055,48,-0.064282425,-0.24144748,-0.0735738
13383,4078,48,-0.057447847,-0.22712788,-0.060418524
13389,4093,48,-0.05479762,-0.21529438,-0.039118625
13392,4099,48,-0.049561463,-0.20872262,-0.029347334
13398,4103,48,-0.04277966,-0.19612451,0.0123538235
13404,4086,48,-0.041163176,-0.1834511,0.06168228
13407,4076,48,-0.0388129,-0.17848168,0.091495536
13413,4056,48,-0.041153893,-0.16687098,0.16640735
13419,4036,48,-0.03415156,-0.15326507,0.24660248
13422,4026,48,-0.03275223,-0.14616907,0.28532696
13428,4006,48,-0.03288591,-0.13358423,0.36038718
13434,3987,48,-0.029002786,-0.12115573,0.41573012
13437,3977,48,-0.03602974,-0.11380654,0.44704825
13443,3957,47,-0.035594717,-0.10315043,0.4908098
13449,3938,47,-0.04104173,-0.092165135,0.5293706
13452,3928,47,-0.0432145,-0.08776047,0.5452024
13458,3909,47,-0.044764936,-0.07679073,0.5706381
13464,3890,47,-0.042000353,-0.06555222,0.59168386
13467,3880,47,-0.04564181,-0.06093144,0.6021837
13473,3861,47,-0.043235004,-0.053293545,0.61465985
13479,3843,47,-0.04836163,-0.04577925,0.6273583
13485,3824,47,-0.05516848,-0.039461065,0.638029
13491,3805,47,-0.04668477,-0.032683164,0.6436991
13494,3796,47,-0.047924906,-0.027658947,0.6450788
13500,3776,47,-0.054657966,-0.01601134,0.65374255
13503,3766,47,-0.052268416,-0.012265651,0.6550567
13509,3746,47,-0.053049147,-0.002922819,0.65811443
13512,3736,47,-0.05325657,8.5703935E-4,0.6624677
13518,3714,47,-0.054326802,0.010925069,0.667348
13524,3691,47,-0.056963086,0.021914942,0.6724067
13527,3680,47,-0.05316505,0.027291905,0.67761403
13533,3656,47,-0.05334586,0.039958343,0.67878556
13539,3631,47,-0.056091756,0.05069933,0.68794614
13545,3604,47,-0.05654505,0.06341194,0.6927322
13551,3577,47,-0.052603394,0.0752358,0.69401324
13554,3563,47,-0.049801588,0.07963702,0.6958525
13560,3535,47,-0.05021766,0.09018052,0.70386386
13566,3505,47,-0.04608211,0.10009675,0.70469683
13569,3491,47,-0.04632297,0.104489274,0.7086048
13575,3462,46,-0.040754795,0.11254561,0.70809114
13581,3435,46,-0.036620468,0.11879382,0.7088419
13587,3414,46,-0.04017082,0.12727164,0.71556205
13590,3405,46,-0.031315774,0.13349015,0.7137418
13596,3388,46,-0.03535962,0.14301157,0.7164952
13599,3379,46,-0.03548637,0.14660126,0.7202189
13605,3362,46,-0.035291374,0.15276815,0.7212028
13608,3354,46,-0.0375641,0.15526214,0.72745246
13614,3337,46,-0.038426697,0.16037828,0.7277962
13617,3329,46,-0.038086027,0.16335748,0.7295963
13623,3312,46,-0.0349766,0.16583611,0.7310741
13629,3296,46,-0.034883708,0.16761337,0.7329935
13632,3288,46,-0.037519455,0.16972472,0.7290895
13638,3272,46,-0.032961667,0.16998652,0.72582483
13641,3264,46,-0.0393638,0.16812241,0.7316636
13647,3248,46,-0.03893116,0.1656268,0.72872436
13650,3240,46,-0.038917005,0.16427578,0.7275605
13656,3224,46,-0.036674947,0.15966246,0.7234859
13662,3209,46,-0.04022196,0.1533818,0.72224677
13668,3194,46,-0.032162517,0.14836448,0.7129463
13671,3186,46,-0.03884819,0.14438386,0.71556145
13677,3171,45,-0.038555115,0.13724041,0.71113485
13683,3156,45,-0.037870735,0.13029851,0.70231545
13689,3141,45,-0.03823957,0.12239009,0.6976075
13695,3127,45,-0.034488022,0.11357251,0.69652075
13701,3112,45,-0.03717667,0.1051947,0.6881343
13704,3107,45,-0.038793594,0.10023626,0.6907431
13710,3095,45,-0.038120657,0.09066829,0.6797631
13713,3080,45,-0.036079764,0.087068476,0.6807503
13719,3063,45,-0.03341508,0.07699663,0.6752431
13725,3049,45,-0.0394921,0.067212746,0.6701871
13728,3060,45,-0.041864112,0.06236323,0.66379625
13734,3048,45,-0.04849969,0.052054387,0.66297984
13740,3037,45,-0.044845432,0.040773056,0.65521246
13743,3009,45,-0.041025057,0.03625342,0.6498388
13749,2996,45,-0.042238697,0.026884891,0.6419188
13752,3014,45,-0.048715368,0.020190563,0.6423731
13758,3003,45,-0.045031935,0.010277618,0.63687885
13761,2970,45,-0.042199567,0.005593041,0.6352425
13767,2957,45,-0.04468392,-0.004834879,0.63083756
13773,2945,44,-0.041262,-0.014964478,0.6225246
13782,2961,44,-0.04716365,-0.02708428,0.6120313
13785,2921,44,-0.044724375,-0.03055156,0.61461383
13791,2909,44,-0.04501067,-0.037657075,0.61079496
13797,2897,44,-0.043524772,-0.044950776,0.6089481
13803,2885,44,-0.046846747,-0.05142605,0.60635656
13806,2920,44,-0.049932584,-0.05484188,0.60371417
13812,2910,44,-0.051055953,-0.058824338,0.5989795
13815,2846,44,-0.041509926,-0.06004203,0.5986494
13821,2837,44,-0.055443928,-0.0645374,0.5955679
13824,2832,44,-0.05794044,-0.06720909,0.5960574
13830,2823,44,-0.05892867,-0.070775874,0.5943459
13833,2819,44,-0.058324978,-0.0714671,0.59329355
13839,2810,44,-0.056745872,-0.07555474,0.5947377
13845,2801,44,-0.05678077,-0.079214975,0.5894651
13851,2792,44,-0.06260185,-0.08239654,0.5917983
13857,2783,44,-0.061441913,-0.08551624,0.58697826
13860,2779,44,-0.058976084,-0.08756335,0.58720154
13866,2770,43,-0.059042186,-0.09150565,0.5814866
13869,2766,43,-0.062048674,-0.09287737,0.58329284
13875,2758,43,-0.062047407,-0.0977032,0.5831842
13881,2749,43,-0.05782634,-0.10248733,0.57801473
13884,2745,43,-0.063300535,-0.10302266,0.57683957
13890,2737,43,-0.059468538,-0.108229145,0.5708592
13893,2733,43,-0.06351639,-0.11113121,0.5700182
13899,2724,43,-0.06253898,-0.115471125,0.57437426
13902,2720,43,-0.06179498,-0.11776891,0.5700268
13908,2712,43,-0.0627497,-0.12208946,0.564856
13911,2708,43,-0.059638843,-0.124581695,0.56602687
13917,2700,43,-0.0649295,-0.12868556,0.56249034
13923,2692,43,-0.062044844,-0.13213223,0.5586168
13926,2688,43,-0.06390311,-0.1351442,0.5616965
13932,2680,43,-0.064794645,-0.13827538,0.55787885
13935,2677,43,-0.06478956,-0.14000212,0.5588227
13941,2669,43,-0.06213378,-0.14257647,0.55027235
13944,2665,43,-0.06255821,-0.14509182,0.5513213
13950,2657,43,-0.06580197,-0.14712472,0.5499473
13956,2650,42,-0.06863076,-0.14972706,0.5510489
13959,2646,42,-0.06040445,-0.15059033,0.5447372
13965,2639,42,-0.0640154,-0.15218233,0.54519355
13968,2635,42,-0.06507773,-0.15230459,0.5473441
13974,2628,42,-0.065508015,-0.15126967,0.5489159
13980,2620,42,-0.062492616,-0.14961654,0.5412779
13983,2617,42,-0.06605819,-0.1503034,0.54525167
13989,2610,42,-0.065015845,-0.14885695,0.5480204
13995,2602,42,-0.06863539,-0.14544328,0.55186075
13998,2599,42,-0.066619016,-0.14474837,0.54884565
14004,2592,42,-0.07018105,-0.14061512,0.5493532
14010,2585,42,-0.07034336,-0.13701557,0.5512562
14013,2581,42,-0.06915438,-0.13513908,0.555861
14019,2575,42,-0.07275366,-0.13040997,0.5520515
14022,2571,42,-0.06913459,-0.12826082,0.5544776
14028,2564,42,-0.07217104,-0.12283942,0.5613482
14034,2558,42,-0.07247185,-0.116687424,0.55848306
14037,2554,42,-0.06826616,-0.115239434,0.56233805
14043,2548,42,-0.07446731,-0.10946167,0.56479573
14049,2541,41,-0.07437988,-0.10380708,0.5669925
14052,2538,41,-0.07308657,-0.10026216,0.5701862
14058,2531,41,-0.07514317,-0.094436064,0.5717254
14064,2525,41,-0.07795491,-0.08814862,0.57635885
14067,2522,41,-0.07527959,-0.08480124,0.5761653
14073,2515,41,-0.077327244,-0.07826719,0.58226377
14079,2509,41,-0.07669828,-0.07220526,0.583018
14082,2506,41,-0.079483576,-0.06898013,0.58004427
14088,2499,41,-0.080601126,-0.06320121,0.58872324
14091,2496,41,-0.080412105,-0.060052127,0.5866381
14097,2490,41,-0.08240621,-0.05349789,0.59017557
14103,2484,41,-0.08315217,-0.047887437,0.5982226
14106,2481,41,-0.079537384,-0.045462538,0.5967539
14112,2475,41,-0.08359735,-0.038441002,0.59716445
14118,2469,41,-0.08609762,-0.03329207,0.6021836
14121,2466,41,-0.08392358,-0.029753212,0.6048214
14127,2460,40,-0.082731344,-0.024506532,0.6058221
14130,2457,40,-0.08729082,-0.021981707,0.6061093
14136,2451,40,-0.086601935,-0.01664734,0.60811484
14142,2446,40,-0.08843331,-0.010192596,0.6142663
14145,2443,40,-0.08583234,-0.009010091,0.6129802
14151,2437,40,-0.086593986,-0.0031466149,0.61740774
14154,2434,40,-0.08880986,-0.0013555828,0.61953014
14160,2429,40,-0.09061661,0.004116645,0.62005466
14166,2423,40,-0.089363866,0.009059448,0.6218835
14169,2420,40,-0.09102331,0.010953255,0.62684643
14175,2415,40,-0.092078105,0.015734093,0.62499535
14181,2410,40,-0.08852178,0.019441465,0.6274738
14184,2407,40,-0.09223734,0.022861635,0.627857
14190,2402,40,-0.093954444,0.025164815,0.63180286
14193,2399,40,-0.09178971,0.027259951,0.63049287
14199,2394,40,-0.09197034,0.030870525,0.6353472
14205,2388,39,-0.09448773,0.03370697,0.6390516
14208,2386,39,-0.09718243,0.0364689,0.6372105
14214,2381,39,-0.09451085,0.039141368,0.6421286
14220,2376,39,-0.095038995,0.042155653,0.63819057
14223,2373,39,-0.09343261,0.043964937,0.6383739
14229,2368,39,-0.09881696,0.046003,0.64317465
14232,2366,39,-0.0946217,0.04691062,0.6409337
14238,2361,39,-0.0982196,0.04996621,0.6490097
14244,2356,39,-0.09817392,0.051967137,0.64495885
14247,2353,39,-0.09533128,0.054205418,0.6454655
14253,2349,39,-0.096994616,0.05870124,0.6475672
14259,2344,39,-0.098765425,0.061288524,0.65018386
14265,2339,39,-0.09699247,0.06456878,0.6537165
14271,2335,39,-0.09988187,0.067497745,0.6541259
14277,2330,38,-0.10095682,0.07207355,0.6540505
14283,2326,38,-0.09902142,0.074726656,0.6584477
14289,2321,38,-0.10273376,0.07903452,0.65811104
14295,2317,38,-0.102510825,0.081764095,0.6619472
14298,2315,38,-0.09638927,0.082546614,0.6650952
14304,2310,38,-0.10218733,0.08555856,0.6631534
14310,2306,38,-0.102652,0.08826054,0.66402286
14313,2304,38,-0.102858596,0.088321656,0.66336566
14319,2300,38,-0.09883119,0.090321586,0.6633388
14322,2298,38,-0.10059497,0.09053123,0.6692239
14328,2293,38,-0.102183424,0.092249505,0.66788507
14331,2291,38,-0.101109445,0.09283921,0.67002076
14337,2287,38,-0.10355617,0.09381346,0.6651385
14340,2285,38,-0.10175861,0.093288615,0.66762567
14346,2281,37,-0.1007285,0.093806475,0.66558427
14352,2277,37,-0.099224396,0.09308616,0.66797644
14355,2275,37,-0.10217209,0.09319097,0.6690249
14361,2271,37,-0.10262866,0.09225182,0.6664717
14364,2270,37,-0.103429176,0.09120153,0.66640824
14370,2266,37,-0.10168855,0.09025829,0.66637945
14376,2262,37,-0.10210457,0.088774234,0.66329795
14379,2260,37,-0.10305399,0.08690324,0.6702686
14385,2256,37,-0.104172215,0.08596814,0.6669961
14391,2253,37,-0.08720899,0.084535666,0.65583134
